{
  "sims": 2000,
  "items": 1,
  "bid": 109.375,
  "roi_p5": 1.4300906244162588,
  "roi_p50": 1.6478655166616984,
  "roi_p95": 1.8633199133034144,
  "cash_60d_p5": 0.0,
  "cash_60d_p50": 0.0,
  "cash_60d_p95": 0.0,
  "var_alpha": 0.2,
  "roi_var": 1.5382126090007056,
  "roi_cvar": 1.4671392984302296,
  "payout_lag_days": 14,
  "ops_cost_total": 0.0,
  "storage_cost_total": 0.0,
  "prob_roi_ge_target": 0.8685,
  "expected_cash_60d": 0.0,
  "meets_constraints": true,
  "roi_target": 1.5,
  "risk_threshold": 0.8,
  "min_cash_60d": 0.0,
  "min_cash_60d_p5": null,
  "throughput": {
    "mins_per_unit": 5.0,
    "capacity_mins_per_day": 480.0,
    "total_minutes_required": 5.0,
    "available_minutes": 28800.0,
    "throughput_ok": true
  },
  "iterations": 7,
  "timestamp": "2025-08-27T19:44:42.333675+00:00",
  "review": false,
  "core_items_count": 1,
  "upside_items_count": 0
}
